program_id,program_name,channel_type,region_name,segment,send_start,send_end,budget_usd,team
ES-502,Autumn Weekend Escapes,Email,US & Canada,Leisure Segment,11/09/2026,11/23/2026,12000,Lifecycle Marketing
ES-504,Road Warrior Rewards,Email,US & Canada,Corporate Segment,11/16/2026,11/30/2026,9000,Loyalty
ES-507,EMEA Winter Sun,Email,Europe/ME/Africa,Leisure Segment,12/01/2026,12/20/2026,8000,EMEA Marketing
ES-511,APAC Year-End Flash Sale,SMS,Asia Pacific,Family Segment,12/20/2026,12/31/2026,5000,APAC Marketing
ES-514,Loyalty Double Points Month,Email,US & Canada,Meridian Rewards Members,11/01/2026,11/30/2026,7000,Loyalty
ES-515,Cyber Monday Extension,SMS,US & Canada,Meridian Rewards Members,12/01/2026,12/03/2026,3000,Lifecycle Marketing
ES-517,New Year Escapes,Email,US & Canada,Leisure Segment,12/26/2026,01/10/2027,6000,Lifecycle Marketing
ES-521,EMEA Loyalty Welcome Series,Email,Europe/ME/Africa,Meridian Rewards Members,11/01/2026,01/31/2027,4000,Loyalty
ES-522,APAC Business Rewards,Email,Asia Pacific,Corporate Segment,11/10/2026,11/24/2026,3500,APAC Marketing
ES-523,Spring Break Early Bird,Email,US & Canada,Family Segment,01/05/2027,01/20/2027,5000,Lifecycle Marketing
