ad_campaign_id,campaign_name,platform_channel,geo,target_audience,flight_start,flight_end,budget,owner
PM-1001,Fall Getaway Sale,fb_ads,NA,leisure,2026-10-05,2026-10-25,"$65,000",Brand Marketing
PM-1003,Business Travel Q4 Push,google_ads,NA,business,2026-10-01,2026-10-31,"$80,000",Demand Gen
PM-1005,Summit Series: Corporate Retreats,google_ads,NA,meeting_planners,2026-10-06,2026-10-27,"$40,000",Demand Gen
PM-1006,London Festive Stays,programmatic,EMEA,leisure_travelers,2026-11-01,2026-12-15,"$55,000",EMEA Marketing
PM-1008,Paris Business Hubs,sem,EMEA,biz_travel,2026-10-05,2026-10-30,"$30,000",EMEA Marketing
PM-1009,Singapore Staycation Deals,paid_social,apac,families,2026-11-10,2026-11-30,"$35,000",APAC Marketing
PM-1010,Tokyo Cherry Blossom Preview,fb_ads,apac,leisure_travelers,2026-12-01,2026-12-20,"$25,000",APAC Marketing
PM-1012,Sydney Summer Kickoff,programmatic,apac,leisure_travelers,2026-12-12,2026-12-31,"$30,000",APAC Marketing
PM-1013,Black Friday Mega Sale,fb_ads,NA,loyalty,2026-11-20,2026-11-30,"$90,000",Brand Marketing
PM-1016,Holiday Family Getaways,programmatic,north america,family,2026-12-01,2026-12-24,"$45,000",Brand Marketing
PM-1018,LATAM Beach Resorts Launch,paid_social,latam,leisure_travelers,2026-10-15,2026-11-15,"$28,000",LATAM Marketing
PM-1019,Mexico City Business Weekends,google_ads,latam,business,2026-11-01,2026-11-20,"$15,000",LATAM Marketing
PM-1020,Brand Awareness: Meridian Moments,programmatic,global,all,2026-10-01,2026-12-31,"$120,000",Brand Marketing
PM-1024,Wellness Retreats Q4,paid_social,EMEA,wellness,2026-10-20,2026-11-10,"$22,000",Brand Marketing
PM-1001,Fall Getaway Sale,fb_ads,NA,leisure,2026-10-05,2026-10-25,"$65,000",Brand Marketing
PM-1009,Singapore Staycation Deals,paid_social,apac,families,2026-11-10,2026-11-30,"$35,000",APAC Marketing
